Race/Ethnicity,Event,Point Estimate (%),95% Bootstrap CI
AI/AN,In-Care Maltreatment,1.95,"(1.83%, 2.08%)"
AI/AN,Infant Entry,3.58,"(3.40%, 3.75%)"
AI/AN,Missing Episode,1.06,"(0.97%, 1.15%)"
AI/AN,Substance-Related Removal,5.06,"(4.86%, 5.24%)"
Asian,In-Care Maltreatment,0.23,"(0.21%, 0.25%)"
Asian,Infant Entry,0.45,"(0.42%, 0.48%)"
Asian,Missing Episode,0.22,"(0.20%, 0.24%)"
Asian,Substance-Related Removal,0.39,"(0.36%, 0.42%)"
Black,In-Care Maltreatment,1.6,"(1.56%, 1.63%)"
Black,Infant Entry,2.84,"(2.79%, 2.88%)"
Black,Missing Episode,1.26,"(1.23%, 1.28%)"
Black,Substance-Related Removal,3.15,"(3.11%, 3.20%)"
Hispanic,In-Care Maltreatment,0.92,"(0.90%, 0.94%)"
Hispanic,Infant Entry,1.3,"(1.28%, 1.32%)"
Hispanic,Missing Episode,0.66,"(0.65%, 0.68%)"
Hispanic,Substance-Related Removal,1.6,"(1.58%, 1.63%)"
Multirace,In-Care Maltreatment,0.98,"(0.94%, 1.02%)"
Multirace,Infant Entry,1.69,"(1.64%, 1.75%)"
Multirace,Missing Episode,0.74,"(0.70%, 0.78%)"
Multirace,Substance-Related Removal,2.04,"(1.97%, 2.10%)"
NHPI,In-Care Maltreatment,1.32,"(1.16%, 1.50%)"
NHPI,Infant Entry,2.1,"(1.89%, 2.32%)"
NHPI,Missing Episode,0.83,"(0.69%, 0.98%)"
NHPI,Substance-Related Removal,2.7,"(2.45%, 2.95%)"
Overall,In-Care Maltreatment,1.0,"(0.99%, 1.01%)"
Overall,Infant Entry,1.63,"(1.61%, 1.64%)"
Overall,Missing Episode,0.66,"(0.66%, 0.67%)"
Overall,Substance-Related Removal,2.01,"(2.00%, 2.03%)"
White,In-Care Maltreatment,1.05,"(1.04%, 1.07%)"
White,Infant Entry,1.5,"(1.48%, 1.51%)"
White,Missing Episode,0.56,"(0.55%, 0.57%)"
White,Substance-Related Removal,1.96,"(1.94%, 1.98%)"
