age,target_race,ref_race,event,delta_q,age_contribution,pct_of_gap
0,AI/AN,White,Substance-Related Removal,0.009699999999999997,0.009699999999999997,0.3081096255395724
1,AI/AN,White,Substance-Related Removal,0.006293704625244669,0.006229823523298436,0.19788336009702073
2,AI/AN,White,Substance-Related Removal,0.004121754801561631,0.004052911663280927,0.12873619535241776
3,AI/AN,White,Substance-Related Removal,0.0027368584500713795,0.002679366968941361,0.08510708798800228
4,AI/AN,White,Substance-Related Removal,0.001853809549282913,0.0018095124903624166,0.05747713565100448
5,AI/AN,White,Substance-Related Removal,0.0012907527108815247,0.0012573363230391614,0.039937878728752464
6,AI/AN,White,Substance-Related Removal,0.0009317318197536477,0.0009062810945786464,0.028787002957136147
7,AI/AN,White,Substance-Related Removal,0.0007028099925501778,0.0006828632817160358,0.02169038660043829
8,AI/AN,White,Substance-Related Removal,0.00055684299100455,0.0005405732411768834,0.017170702981002324
9,AI/AN,White,Substance-Related Removal,0.0004637703216112391,0.0004498997715766944,0.014290561871220051
10,AI/AN,White,Substance-Related Removal,0.00040442456745947754,0.0003920873836349179,0.012454216180468582
11,AI/AN,White,Substance-Related Removal,0.00036658404393309,0.00035520401335930473,0.011282657272813267
12,AI/AN,White,Substance-Related Removal,0.000342455860860559,0.00033165362049807713,0.010534605445412992
13,AI/AN,White,Substance-Related Removal,0.00036707105208602946,0.000355317718410714,0.011286268986299005
14,AI/AN,White,Substance-Related Removal,0.00039726126490407176,0.00038433546207762727,0.01220798508271302
15,AI/AN,White,Substance-Related Removal,0.0004310062684354371,0.0004167386425433397,0.01323723578370084
16,AI/AN,White,Substance-Related Removal,0.00046701790659874087,0.0004512700690409449,0.014334087833961088
17,AI/AN,White,Substance-Related Removal,0.0005044748148128094,0.0004871258225814443,0.015473005648064435
0,Black,White,Substance-Related Removal,0.0032000000000000006,0.0032000000000000006,0.26579877011636616
1,Black,White,Substance-Related Removal,0.0021128844548653205,0.00209830555212675,0.1742896984636352
2,Black,White,Substance-Related Removal,0.0014197089792217974,0.0014035079204369738,0.11657833721897695
3,Black,White,Substance-Related Removal,0.0009777207819376746,0.0009636243551134062,0.08004067763853744
4,Black,White,Substance-Related Removal,0.0006958966646647595,0.0006844345437660187,0.056850581236926226
5,Black,White,Substance-Related Removal,0.0005161976736855932,0.0005069474932749953,0.04210813132064641
6,Black,White,Substance-Related Removal,0.00040161653821924937,0.00039399208069005746,0.03272581577593917
7,Black,White,Substance-Related Removal,0.00032855638060112053,0.0003220494898858366,0.026750111977580763
8,Black,White,Substance-Related Removal,0.0002819711673418777,0.0002761995462602147,0.022941718657082322
9,Black,White,Substance-Related Removal,0.00025226712391848054,0.0002469609507943952,0.02051309905872458
10,Black,White,Substance-Related Removal,0.00023332698961472693,0.00022830211084168462,0.018963256336465645
11,Black,White,Substance-Related Removal,0.0002212502267871563,0.00021638333342057905,0.017973257467771717
12,Black,White,Substance-Related Removal,0.00021354974282783792,0.0002087592027633305,0.017339981045301982
13,Black,White,Substance-Related Removal,0.00022863969747426475,0.0002234148073966574,0.01855730657244261
14,Black,White,Substance-Related Removal,0.0002455089143310867,0.00023978623208010592,0.019917151743040526
15,Black,White,Substance-Related Removal,0.0002635126388623735,0.0002572387179801831,0.021366792145451067
16,Black,White,Substance-Related Removal,0.0002822397574251301,0.00027536653973131187,0.022872527372431922
17,Black,White,Substance-Related Removal,0.0003014281323870669,0.00029390999324177623,0.02441278585267925
0,Hispanic,White,Substance-Related Removal,-0.001,-0.001,0.2745182227704552
1,Hispanic,White,Substance-Related Removal,-0.0006557467440406841,-0.0006525991596692889,0.17915036149390567
2,Hispanic,White,Substance-Related Removal,-0.0004362411767535688,-0.00043277526932378543,0.11880469779377065
3,Hispanic,White,Substance-Related Removal,-0.0002962782476135968,-0.00029330281979947945,0.08051696882491616
4,Hispanic,White,Substance-Related Removal,-0.0002070339438105073,-0.00020465801266523977,0.05618235391259492
5,Hispanic,White,Substance-Related Removal,-0.00015012926333377106,-0.00014825457497452327,0.04069858243959532
6,Hispanic,White,Substance-Related Removal,-0.00011384523710276213,-0.00011233910935590786,0.030839132647999635
7,Hispanic,White,Substance-Related Removal,-9.070952052368813e-05,-8.945764085480861e-05,0.02455775258069972
8,Hispanic,White,Substance-Related Removal,-7.595753632492797e-05,-7.487412788105555e-05,0.020554312517395153
9,Hispanic,White,Substance-Related Removal,-6.655125590751884e-05,-6.557586458348316e-05,0.01800176980209383
10,Hispanic,White,Substance-Related Removal,-6.055354671133026e-05,-5.9644950263971766e-05,0.016373625743697717
11,Hispanic,White,Substance-Related Removal,-5.672923848259944e-05,-5.5859852457056294e-05,0.015334547420730937
12,Hispanic,White,Substance-Related Removal,-5.4290751895482044e-05,-5.3442323888491095e-05,0.014670891774591615
13,Hispanic,White,Substance-Related Removal,-6.273590420018382e-05,-6.173725749281703e-05,0.016948002205650098
14,Hispanic,White,Substance-Related Removal,-7.174448953817746e-05,-7.057963859633823e-05,0.019375396951247792
15,Hispanic,White,Substance-Related Removal,-8.11123356397516e-05,-7.976719970431359e-05,0.021897549898204142
16,Hispanic,White,Substance-Related Removal,-9.070925651795782e-05,-8.917060456606004e-05,0.024478955888841837
17,Hispanic,White,Substance-Related Removal,-0.00010045224192257118,-9.870701864578028e-05,0.027096875333609778
0,Asian,White,Substance-Related Removal,-0.00438,-0.00438,0.2770678441593045
1,Asian,White,Substance-Related Removal,-0.002872533110746577,-0.002863599532772155,0.18114414362574718
2,Asian,White,Substance-Related Removal,-0.001911329784520892,-0.0019014819493791077,0.1202829918772377
3,Asian,White,Substance-Related Removal,-0.0012984394842869087,-0.0012899749855990624,0.08160059093136121
4,Asian,White,Substance-Related Removal,-0.0009076433750018001,-0.0009008752381236966,0.05698711417429971
5,Asian,White,Substance-Related Removal,-0.0006584607741773556,-0.0006531126773083231,0.04131427431391064
6,Asian,White,Substance-Related Removal,-0.0004995749329973589,-0.0004952716037118995,0.0313296428113647
7,Asian,White,Substance-Related Removal,-0.00039826484776688713,-0.00039468229523596397,0.02496661476458326
8,Asian,White,Substance-Related Removal,-0.00033366668538073707,-0.0003305614306336021,0.020910489257504022
9,Asian,White,Substance-Related Removal,-0.000292477078500293,-0.0002896772944225632,0.018324261065652905
10,Asian,White,Substance-Related Removal,-0.00026621342559908804,-0.00026360180081243733,0.01667479056338183
11,Asian,White,Substance-Related Removal,-0.00024946698114485677,-0.00024696492003410426,0.015622383099731576
12,Asian,White,Substance-Related Removal,-0.0002387889767212687,-0.00023634441178957467,0.01495055631361561
13,Asian,White,Substance-Related Removal,-0.00026198038049764704,-0.0002592459289020046,0.016399249001816153
14,Asian,White,Substance-Related Removal,-0.0002876390278724402,-0.00028457343774576855,0.018001403858726516
15,Asian,White,Substance-Related Removal,-0.0003148708592224913,-0.00031143893150189074,0.019700847794179493
16,Asian,White,Substance-Related Removal,-0.00034310579696284697,-0.00033927542842259253,0.021461714961021037
17,Asian,White,Substance-Related Removal,-0.0003719803435767326,-0.0003677206326034775,0.023261087426561914
0,NHPI,White,Substance-Related Removal,0.0021000000000000003,0.0021000000000000003,0.2839765796400103
1,NHPI,White,Substance-Related Removal,0.0013752563032435475,0.001366523425717951,0.18479078496825396
2,NHPI,White,Substance-Related Removal,0.0009131393194811983,0.0009035526982405245,0.1221846689384983
3,NHPI,White,Substance-Related Removal,0.0006184805212917832,0.0006102807841085158,0.08252640461483801
4,NHPI,White,Substance-Related Removal,0.0004305977764431732,0.00042407965376288194,0.05734699503357286
5,NHPI,White,Substance-Related Removal,0.0003107984491237287,0.00030568322567789175,0.04133660803873002
6,NHPI,White,Substance-Related Removal,0.0002344110254794997,0.0002303266150827228,0.031146363976787054
7,NHPI,White,Substance-Related Removal,0.00018570425373408037,0.00018233113731963322,0.02465608225614403
8,NHPI,White,Substance-Related Removal,0.00015464744489458515,0.00015174630102537967,0.0205201883515289
9,NHPI,White,Substance-Related Removal,0.000134844749278987,0.00013224712792335154,0.017883374788042028
10,NHPI,White,Substance-Related Removal,0.00012221799307648458,0.00011980915447145013,0.01620142566493526
11,NHPI,White,Substance-Related Removal,0.00011416681785810428,0.00011187005441880444,0.01512784543713995
12,NHPI,White,Substance-Related Removal,0.00010903316188522536,0.00010679776084941171,0.014441934685346538
13,NHPI,White,Substance-Related Removal,0.00011575979831617651,0.00011334375036495965,0.015327128834386859
14,NHPI,White,Substance-Related Removal,0.00012367260955405785,0.00012104151202965444,0.016368073609826866
15,NHPI,White,Substance-Related Removal,0.00013234175924158238,0.00012946783733662105,0.017507539819163264
16,NHPI,White,Substance-Related Removal,0.00014149317161675338,0.00013835244442393548,0.01870897807254467
17,NHPI,White,Substance-Related Removal,0.00015095208825804463,0.00014752254893919068,0.019949023270251137
0,Multirace,White,Substance-Related Removal,0.0,0.0,0.0
1,Multirace,White,Substance-Related Removal,1.8118592418911797e-05,1.8022563879091563e-05,0.024031025037349427
2,Multirace,White,Substance-Related Removal,2.9671517012970407e-05,2.9411040708216017e-05,0.03921625471132844
3,Multirace,White,Substance-Related Removal,3.703798696770523e-05,3.6626652740766025e-05,0.048837447044300174
4,Multirace,White,Substance-Related Removal,4.1735055588920395e-05,4.1204914940108025e-05,0.05494203539688054
5,Multirace,White,Substance-Related Removal,4.4730038771906896e-05,4.41111846770121e-05,0.05881721327286835
6,Multirace,White,Substance-Related Removal,4.663972436301262e-05,4.595538333723061e-05,0.06127624099361189
7,Multirace,White,Substance-Related Removal,4.785739365664797e-05,4.7124094308527586e-05,0.0628345832362073
8,Multirace,White,Substance-Related Removal,4.863381387763534e-05,4.7862844740628024e-05,0.06381962233770573
9,Multirace,White,Substance-Related Removal,4.9128881268025305e-05,4.8327777953465373e-05,0.06443955753412645
10,Multirace,White,Substance-Related Removal,4.9444550173087856e-05,4.861827646358759e-05,0.06482690403026836
11,Multirace,White,Substance-Related Removal,4.964582955354745e-05,4.8797629260627546e-05,0.06506605044612243
12,Multirace,White,Substance-Related Removal,4.977417095286936e-05,4.8906153895032753e-05,0.06521075561815326
13,Multirace,White,Substance-Related Removal,4.985600504209557e-05,4.8969539793318345e-05,0.06529527345473495
14,Multirace,White,Substance-Related Removal,4.9908184761148584e-05,4.900219710935653e-05,0.06533881824584409
15,Multirace,White,Substance-Related Removal,4.994145601896051e-05,4.901455765160737e-05,0.06535529961343961
16,Multirace,White,Substance-Related Removal,4.996267070958116e-05,4.901327259830445e-05,0.06535358614202101
17,Multirace,White,Substance-Related Removal,4.997619779354887e-05,4.900258307365614e-05,0.06533933288503803
0,AI/AN,White,Infant Entry,0.0165,0.0165,0.7890536735828416
1,AI/AN,White,Infant Entry,0.0045000000000000005,0.004411125000000001,0.21094632641715835
2,AI/AN,White,Infant Entry,0.0,0.0,0.0
3,AI/AN,White,Infant Entry,0.0,0.0,0.0
4,AI/AN,White,Infant Entry,0.0,0.0,0.0
5,AI/AN,White,Infant Entry,0.0,0.0,0.0
6,AI/AN,White,Infant Entry,0.0,0.0,0.0
7,AI/AN,White,Infant Entry,0.0,0.0,0.0
8,AI/AN,White,Infant Entry,0.0,0.0,0.0
9,AI/AN,White,Infant Entry,0.0,0.0,0.0
10,AI/AN,White,Infant Entry,0.0,0.0,0.0
11,AI/AN,White,Infant Entry,0.0,0.0,0.0
12,AI/AN,White,Infant Entry,0.0,0.0,0.0
13,AI/AN,White,Infant Entry,0.0,0.0,0.0
14,AI/AN,White,Infant Entry,0.0,0.0,0.0
15,AI/AN,White,Infant Entry,0.0,0.0,0.0
16,AI/AN,White,Infant Entry,0.0,0.0,0.0
17,AI/AN,White,Infant Entry,0.0,0.0,0.0
0,Black,White,Infant Entry,0.010499999999999999,0.010499999999999999,0.7806836558300341
1,Black,White,Infant Entry,0.0029999999999999996,0.0029497499999999997,0.21931634416996598
2,Black,White,Infant Entry,0.0,0.0,0.0
3,Black,White,Infant Entry,0.0,0.0,0.0
4,Black,White,Infant Entry,0.0,0.0,0.0
5,Black,White,Infant Entry,0.0,0.0,0.0
6,Black,White,Infant Entry,0.0,0.0,0.0
7,Black,White,Infant Entry,0.0,0.0,0.0
8,Black,White,Infant Entry,0.0,0.0,0.0
9,Black,White,Infant Entry,0.0,0.0,0.0
10,Black,White,Infant Entry,0.0,0.0,0.0
11,Black,White,Infant Entry,0.0,0.0,0.0
12,Black,White,Infant Entry,0.0,0.0,0.0
13,Black,White,Infant Entry,0.0,0.0,0.0
14,Black,White,Infant Entry,0.0,0.0,0.0
15,Black,White,Infant Entry,0.0,0.0,0.0
16,Black,White,Infant Entry,0.0,0.0,0.0
17,Black,White,Infant Entry,0.0,0.0,0.0
0,Hispanic,White,Infant Entry,-0.0014999999999999996,-0.0014999999999999996,0.7520210565895845
1,Hispanic,White,Infant Entry,-0.0005,-0.000494625,0.24797894341041554
2,Hispanic,White,Infant Entry,0.0,0.0,-0.0
3,Hispanic,White,Infant Entry,0.0,0.0,-0.0
4,Hispanic,White,Infant Entry,0.0,0.0,-0.0
5,Hispanic,White,Infant Entry,0.0,0.0,-0.0
6,Hispanic,White,Infant Entry,0.0,0.0,-0.0
7,Hispanic,White,Infant Entry,0.0,0.0,-0.0
8,Hispanic,White,Infant Entry,0.0,0.0,-0.0
9,Hispanic,White,Infant Entry,0.0,0.0,-0.0
10,Hispanic,White,Infant Entry,0.0,0.0,-0.0
11,Hispanic,White,Infant Entry,0.0,0.0,-0.0
12,Hispanic,White,Infant Entry,0.0,0.0,-0.0
13,Hispanic,White,Infant Entry,0.0,0.0,-0.0
14,Hispanic,White,Infant Entry,0.0,0.0,-0.0
15,Hispanic,White,Infant Entry,0.0,0.0,-0.0
16,Hispanic,White,Infant Entry,0.0,0.0,-0.0
17,Hispanic,White,Infant Entry,0.0,0.0,-0.0
0,Asian,White,Infant Entry,-0.008,-0.008,0.763267740011926
1,Asian,White,Infant Entry,-0.0025,-0.0024812500000000004,0.23673225998807396
2,Asian,White,Infant Entry,0.0,0.0,-0.0
3,Asian,White,Infant Entry,0.0,0.0,-0.0
4,Asian,White,Infant Entry,0.0,0.0,-0.0
5,Asian,White,Infant Entry,0.0,0.0,-0.0
6,Asian,White,Infant Entry,0.0,0.0,-0.0
7,Asian,White,Infant Entry,0.0,0.0,-0.0
8,Asian,White,Infant Entry,0.0,0.0,-0.0
9,Asian,White,Infant Entry,0.0,0.0,-0.0
10,Asian,White,Infant Entry,0.0,0.0,-0.0
11,Asian,White,Infant Entry,0.0,0.0,-0.0
12,Asian,White,Infant Entry,0.0,0.0,-0.0
13,Asian,White,Infant Entry,0.0,0.0,-0.0
14,Asian,White,Infant Entry,0.0,0.0,-0.0
15,Asian,White,Infant Entry,0.0,0.0,-0.0
16,Asian,White,Infant Entry,0.0,0.0,-0.0
17,Asian,White,Infant Entry,0.0,0.0,-0.0
0,NHPI,White,Infant Entry,0.0045000000000000005,0.0045000000000000005,0.7525870178739418
1,NHPI,White,Infant Entry,0.0015,0.0014793750000000002,0.24741298212605836
2,NHPI,White,Infant Entry,0.0,0.0,0.0
3,NHPI,White,Infant Entry,0.0,0.0,0.0
4,NHPI,White,Infant Entry,0.0,0.0,0.0
5,NHPI,White,Infant Entry,0.0,0.0,0.0
6,NHPI,White,Infant Entry,0.0,0.0,0.0
7,NHPI,White,Infant Entry,0.0,0.0,0.0
8,NHPI,White,Infant Entry,0.0,0.0,0.0
9,NHPI,White,Infant Entry,0.0,0.0,0.0
10,NHPI,White,Infant Entry,0.0,0.0,0.0
11,NHPI,White,Infant Entry,0.0,0.0,0.0
12,NHPI,White,Infant Entry,0.0,0.0,0.0
13,NHPI,White,Infant Entry,0.0,0.0,0.0
14,NHPI,White,Infant Entry,0.0,0.0,0.0
15,NHPI,White,Infant Entry,0.0,0.0,0.0
16,NHPI,White,Infant Entry,0.0,0.0,0.0
17,NHPI,White,Infant Entry,0.0,0.0,0.0
0,Multirace,White,Infant Entry,0.0014999999999999996,0.0014999999999999996,0.7523039307880384
1,Multirace,White,Infant Entry,0.0005,0.0004938750000000001,0.24769606921196172
2,Multirace,White,Infant Entry,0.0,0.0,0.0
3,Multirace,White,Infant Entry,0.0,0.0,0.0
4,Multirace,White,Infant Entry,0.0,0.0,0.0
5,Multirace,White,Infant Entry,0.0,0.0,0.0
6,Multirace,White,Infant Entry,0.0,0.0,0.0
7,Multirace,White,Infant Entry,0.0,0.0,0.0
8,Multirace,White,Infant Entry,0.0,0.0,0.0
9,Multirace,White,Infant Entry,0.0,0.0,0.0
10,Multirace,White,Infant Entry,0.0,0.0,0.0
11,Multirace,White,Infant Entry,0.0,0.0,0.0
12,Multirace,White,Infant Entry,0.0,0.0,0.0
13,Multirace,White,Infant Entry,0.0,0.0,0.0
14,Multirace,White,Infant Entry,0.0,0.0,0.0
15,Multirace,White,Infant Entry,0.0,0.0,0.0
16,Multirace,White,Infant Entry,0.0,0.0,0.0
17,Multirace,White,Infant Entry,0.0,0.0,0.0
0,AI/AN,White,Missing Episode,0.00014,0.00014,0.027822928835663487
1,AI/AN,White,Missing Episode,0.00010738653364595957,0.00010736720406990329,0.02133764341515056
2,AI/AN,White,Missing Episode,8.659126937665392e-05,8.656339377266795e-05,0.017203193890788972
3,AI/AN,White,Missing Episode,7.333162345813024e-05,7.32993892070057e-05,0.014567169211458
4,AI/AN,White,Missing Episode,6.487689993994278e-05,6.484175369732623e-05,0.012886339276430911
5,AI/AN,White,Missing Episode,5.948593021056779e-05,5.944821392154264e-05,0.01181445303818843
6,AI/AN,White,Missing Episode,5.604849614657747e-05,5.6008138848986714e-05,0.011130789010095121
7,AI/AN,White,Missing Episode,5.385669141803362e-05,5.381349660015621e-05,0.010694636330745466
8,AI/AN,White,Missing Episode,5.245913502025633e-05,5.241289437414482e-05,0.010416287358878418
9,AI/AN,White,Missing Episode,5.156801371755442e-05,5.1518546983444314e-05,0.010238549045979694
10,AI/AN,White,Missing Episode,5.0999809688441814e-05,5.094697393769985e-05,0.010124957359007323
11,AI/AN,White,Missing Episode,5.063750680361469e-05,5.05811939960938e-05,0.010052264006972908
12,AI/AN,White,Missing Episode,5.040649228483515e-05,5.034662315980288e-05,0.010005646523508306
13,AI/AN,White,Missing Episode,0.00031025919092422794,0.00030986730241580276,0.06158154216867069
14,AI/AN,White,Missing Episode,0.0005701652674299327,0.0005691573891391886,0.1131116109593691
15,AI/AN,White,Missing Episode,0.0008301053791658709,0.0008278632124353111,0.16452556603751017
16,AI/AN,White,Missing Episode,0.0010900671927227539,0.0010856391977925371,0.21575472958134684
17,AI/AN,White,Missing Episode,0.001350042843971612,0.001342146162023294,0.26673169395023566
0,Black,White,Missing Episode,0.00011,0.00011,0.01562778159097154
1,Black,White,Missing Episode,8.825768909730643e-05,8.824312657860537e-05,0.012536766446135458
2,Black,White,Missing Episode,7.439417958443595e-05,7.437205756285695e-05,0.010566093382395376
3,Black,White,Missing Episode,6.555441563875349e-05,6.552760934590735e-05,0.009309556063966776
4,Black,White,Missing Episode,5.9917933293295195e-05,5.988754270127299e-05,0.008508267612322509
5,Black,White,Missing Episode,5.6323953473711866e-05,5.6290326391711176e-05,0.007997208423037848
6,Black,White,Missing Episode,5.403233076438499e-05,5.399550990602714e-05,0.0076711821427684745
7,Black,White,Missing Episode,5.257112761202241e-05,5.2531044920068434e-05,0.007463124515966767
8,Black,White,Missing Episode,5.163942334683756e-05,5.159598236546301e-05,0.007330279485264317
9,Black,White,Missing Episode,5.1045342478369615e-05,5.09984510272336e-05,0.007245387764831498
10,Black,White,Missing Episode,5.066653979229454e-05,5.061612084146397e-05,0.007191069831751104
11,Black,White,Missing Episode,5.042500453574313e-05,5.037099788625159e-05,0.007156245031687535
12,Black,White,Missing Episode,5.027099485655676e-05,5.021335530795702e-05,0.007133848633660034
13,Black,White,Missing Episode,0.00045017279394948524,0.0004496227336308811,0.06387823526835439
14,Black,White,Missing Episode,0.0008501101782866216,0.0008485830813942112,0.12055882779838506
15,Black,White,Missing Episode,0.0012500702527772473,0.001246483404785495,0.17708882187962077
16,Black,White,Missing Episode,0.0016500447951485026,0.0016427198446073278,0.23338242678798202
17,Black,White,Missing Episode,0.0020500285626477415,0.002036695760189474,0.2893548773408986
0,Hispanic,White,Missing Episode,9.999999999999986e-06,9.999999999999986e-06,0.009283145717962496
1,Hispanic,White,Missing Episode,9.999999999999986e-06,9.998849999999985e-06,0.00928207815620493
2,Hispanic,White,Missing Episode,9.999999999999999e-06,9.997917530605368e-06,0.009281212531278152
3,Hispanic,White,Missing Episode,9.999999999999999e-06,9.997123754645421e-06,0.009280475657487793
4,Hispanic,White,Missing Episode,1.0000000000000006e-05,9.996418414170707e-06,0.009279820879647039
5,Hispanic,White,Missing Episode,9.999999999999992e-06,9.995769468346641e-06,0.009279218453782252
6,Hispanic,White,Missing Episode,9.999999999999992e-06,9.99515648949441e-06,0.009278649416581521
7,Hispanic,White,Missing Episode,9.999999999999999e-06,9.99456645360988e-06,0.00927810167767203
8,Hispanic,White,Missing Episode,9.999999999999992e-06,9.993991056898332e-06,0.009277567528520136
9,Hispanic,White,Missing Episode,9.999999999999992e-06,9.993425005006883e-06,0.009277042054300912
10,Hispanic,White,Missing Episode,9.999999999999992e-06,9.992864922328629e-06,0.009276522121389278
11,Hispanic,White,Missing Episode,9.999999999999999e-06,9.992308656614194e-06,0.009276005731820776
12,Hispanic,White,Missing Episode,9.999999999999999e-06,9.991754835609655e-06,0.009275491611712096
13,Hispanic,White,Missing Episode,6.999999999999997e-05,6.99384180906408e-05,0.06492485264192038
14,Hispanic,White,Missing Episode,0.0001299999999999999,0.0001298356054800277,0.12052828450509889
15,Hispanic,White,Missing Episode,0.00018999999999999996,0.00018962403320472464,0.176030753186722
16,Hispanic,White,Missing Episode,0.00025,0.0002492445601867469,0.23137735716230484
17,Hispanic,White,Missing Episode,0.00030999999999999995,0.00030863828886279644,0.2865134209655945
0,Asian,White,Missing Episode,-8e-05,-8e-05,0.023720257015576958
1,Asian,White,Missing Episode,-6.188140758108867e-05,-6.1877075882558e-05,0.018346751791332924
2,Asian,White,Missing Episode,-5.0328482987029965e-05,-5.032207558051632e-05,0.0149206570790892
3,Asian,White,Missing Episode,-4.2962013032294576e-05,-4.2954428792569616e-05,0.012736126136463128
4,Asian,White,Missing Episode,-3.826494441107933e-05,-3.8256503272040166e-05,0.011343176126625668
5,Asian,White,Missing Episode,-3.526996122809322e-05,-3.5260742668947165e-05,0.010454923483344347
6,Asian,White,Missing Episode,-3.33602756369875e-05,-3.335026595800075e-05,0.009888461000770309
7,Asian,White,Missing Episode,-3.214260634335201e-05,-3.2131761869556735e-05,0.009527170623865017
8,Asian,White,Missing Episode,-3.136618612236463e-05,-3.135445921425112e-05,0.009296697889330772
9,Asian,White,Missing Episode,-3.0871118731974674e-05,-3.085846740863152e-05,0.009149634725494309
10,Asian,White,Missing Episode,-3.055544982691212e-05,-3.0541840336723016e-05,0.009055753781447316
11,Asian,White,Missing Episode,-3.035417044645261e-05,-3.0339576988202844e-05,0.008995782048800697
12,Asian,White,Missing Episode,-3.022582904713063e-05,-3.021023251363007e-05,0.00895743099654556
13,Asian,White,Missing Episode,-0.00021014399495790443,-0.0002100281769590829,0.062274029224781556
14,Asian,White,Missing Episode,-0.0003900918152388515,-0.0003897812731386235,0.1155713997338369
15,Asian,White,Missing Episode,-0.0005700585439810396,-0.0005693455691999637,0.1688127904012887
16,Asian,White,Missing Episode,-0.0007500373292904187,-0.0007486011929617546,0.22196265874025425
17,Asian,White,Missing Episode,-0.0009300238022064511,-0.0009274310949348333,0.2749862992011525
0,NHPI,White,Missing Episode,9e-05,9e-05,0.03216805773875917
1,NHPI,White,Missing Episode,6.82576890973064e-05,6.824710915549633e-05,0.02439307719797117
2,NHPI,White,Missing Episode,5.4394179584435926e-05,5.43790924869018e-05,0.019436330965555356
3,NHPI,White,Missing Episode,4.555441563875348e-05,4.5537153842176324e-05,0.016276019933932077
4,NHPI,White,Missing Episode,3.991793329329518e-05,3.989928272878011e-05,0.014260915895049723
5,NHPI,White,Missing Episode,3.6323953473711854e-05,3.630408210253667e-05,0.0129759089914117
6,NHPI,White,Missing Episode,3.403233076438498e-05,3.4011179596685644e-05,0.012156373211438795
7,NHPI,White,Missing Episode,3.2571127612022414e-05,3.254857198650145e-05,0.011633603810843754
8,NHPI,White,Missing Episode,3.1639423346837546e-05,3.161533594748892e-05,0.011300043913212132
9,NHPI,White,Missing Episode,3.1045342478369616e-05,3.101961475941254e-05,0.011087119540164985
10,NHPI,White,Missing Episode,3.066653979229453e-05,3.063908637655266e-05,0.010951109995819728
11,NHPI,White,Missing Episode,3.0425004535743133e-05,3.0395761209331235e-05,0.010864140017725593
12,NHPI,White,Missing Episode,3.027099485655676e-05,3.023991466908461e-05,0.010808436901002935
13,NHPI,White,Missing Episode,0.00017017279394948538,0.00016998695385938783,0.06075722385093976
14,NHPI,White,Missing Episode,0.00031011017828662185,0.0003096366936152687,0.11067123375838274
15,NHPI,White,Missing Episode,0.0004500702527772475,0.00044902127088017427,0.16049046852893853
16,NHPI,White,Missing Episode,0.0005900447951485029,0.0005879778934247371,0.2101567424977881
17,NHPI,White,Missing Episode,0.0007300285626477413,0.0007263474712196601,0.2596131932510638
0,Multirace,White,Missing Episode,2.0000000000000012e-05,2.0000000000000012e-05,0.010781670117852249
1,Multirace,White,Missing Episode,1.9999999999999998e-05,1.99976e-05,0.0107803763174381
2,Multirace,White,Missing Episode,1.9999999999999998e-05,1.9995635084036508e-05,0.010779317063651716
3,Multirace,White,Missing Episode,2.0000000000000012e-05,1.9993947572817896e-05,0.010778407354187754
4,Multirace,White,Missing Episode,2.0000000000000005e-05,1.9992436947791505e-05,0.010777593001152438
5,Multirace,White,Missing Episode,1.999999999999999e-05,1.9991039125916336e-05,0.010776839458435357
6,Multirace,White,Missing Episode,2.0000000000000005e-05,1.9989713251163885e-05,0.010776124701225432
7,Multirace,White,Missing Episode,2.0000000000000012e-05,1.9988433275227968e-05,0.01077543468731044
8,Multirace,White,Missing Episode,2.0000000000000005e-05,1.998718259041179e-05,0.010774760463754968
9,Multirace,White,Missing Episode,2.0000000000000005e-05,1.9985950607993614e-05,0.01077409632235378
10,Multirace,White,Missing Episode,2.0000000000000012e-05,1.998473057678276e-05,0.010773438623651333
11,Multirace,White,Missing Episode,1.999999999999999e-05,1.9983518192316224e-05,0.010772785047182624
12,Multirace,White,Missing Episode,2.0000000000000012e-05,1.998231071012235e-05,0.010772134113448248
13,Multirace,White,Missing Episode,0.00011999999999999999,0.00011988663828214107,0.06462890927481606
14,Multirace,White,Missing Episode,0.00021999999999999993,0.00021970201912989627,0.1184377347242302
15,Multirace,White,Missing Episode,0.00031999999999999986,0.00031932367415499793,0.17214212577798638
16,Multirace,White,Missing Episode,0.00042000000000000023,0.00041864709833213277,0.22568574550065526
17,Multirace,White,Missing Episode,0.0005200000000000003,0.0005175682513021429,0.2790125074506677
0,AI/AN,White,In-Care Maltreatment,0.00255,0.00255,0.2818444602509441
1,AI/AN,White,In-Care Maltreatment,0.0016694364084409094,0.0016628003987173567,0.18378473760060707
2,AI/AN,White,In-Care Maltreatment,0.0011079642731696559,0.0011006682661028127,0.12165382485297638
3,AI/AN,White,In-Care Maltreatment,0.0007499538333695167,0.0007437060813709514,0.0821997800350355
4,AI/AN,White,In-Care Maltreatment,0.0005216762983784554,0.0005167057396075496,0.057110058936570465
5,AI/AN,White,In-Care Maltreatment,0.0003761201156853305,0.00037221731036938714,0.041140151740046295
6,AI/AN,White,In-Care Maltreatment,0.000283309395957592,0.00028019215352983345,0.030968865207123754
7,AI/AN,White,In-Care Maltreatment,0.0002241306682869077,0.00022155583683201307,0.02448795499896665
8,AI/AN,White,In-Care Maltreatment,0.00018639664554692095,0.00018418166892789713,0.020357091398863235
9,AI/AN,White,In-Care Maltreatment,0.00016233637037396925,0.00016035249335906663,0.017723318408109503
10,AI/AN,White,In-Care Maltreatment,0.00014699486158792878,0.00014515421900113278,0.016043495100988864
11,AI/AN,White,In-Care Maltreatment,0.00013721268369759664,0.00013545643018614303,0.01497162527581693
12,AI/AN,White,In-Care Maltreatment,0.00013097529169054875,0.0001292644566065315,0.01428724353015665
13,AI/AN,White,In-Care Maltreatment,0.00014299815495415444,0.0001410940594772115,0.01559473687763501
14,AI/AN,White,In-Care Maltreatment,0.00015646222060818025,0.0001543352380359407,0.017058247788996346
15,AI/AN,White,In-Care Maltreatment,0.00017084523747852256,0.00016847039762962293,0.0186205679561502
16,AI/AN,White,In-Care Maltreatment,0.00018581420351435535,0.00018316898706093415,0.020245162467804372
17,AI/AN,White,In-Care Maltreatment,0.00020115678723352405,0.00019821971225526206,0.021908677573208545
0,Black,White,In-Care Maltreatment,0.0013800000000000002,0.0013800000000000002,0.2518799204672055
1,Black,White,In-Care Maltreatment,0.0009161640340758699,0.0009130582380003526,0.16665292490540257
2,Black,White,In-Care Maltreatment,0.0006204091644679667,0.0006169181353423118,0.11260093540927404
3,Black,White,In-Care Maltreatment,0.00043182753362674096,0.00042874736825132537,0.07825569059106338
4,Black,White,In-Care Maltreatment,0.00031158257692363075,0.0003090356192840796,0.05640570087449823
5,Black,White,In-Care Maltreatment,0.00023491100743918634,0.000232815554888348,0.04249388655710536
6,Black,White,In-Care Maltreatment,0.0001860230563068798,0.00018425992554033308,0.03363143144231325
7,Black,White,In-Care Maltreatment,0.00015485072238981149,0.00015331521959008752,0.027983351678814043
8,Black,White,In-Care Maltreatment,0.00013497436473253448,0.00013358714516340778,0.02438255036173926
9,Black,White,In-Care Maltreatment,0.00012230063953855172,0.00012100540212930387,0.02208610946697918
10,Black,White,In-Care Maltreatment,0.00011421951556895015,0.00011297766326759442,0.020620873071313335
11,Black,White,In-Care Maltreatment,0.00010906676342918673,0.00010785234860765286,0.01968539202137458
12,Black,White,In-Care Maltreatment,0.00010578122360654425,0.00010457700494587433,0.019087570788743027
13,Black,White,In-Care Maltreatment,0.00011568627092235298,0.00011434136974519798,0.020869779070675217
14,Black,White,In-Care Maltreatment,0.00012635047011459708,0.00012484800492283769,0.02278746779018379
15,Black,White,In-Care Maltreatment,0.00013749872591461282,0.00013582352638997466,0.024790738423682752
16,Black,White,In-Care Maltreatment,0.00014895562983472218,0.00014709324264116914,0.026847705983855823
17,Black,White,In-Care Maltreatment,0.00016060933648514853,0.00015854538955744658,0.02893797109577663
0,Hispanic,White,In-Care Maltreatment,-0.00030000000000000035,-0.00030000000000000035,0.22414458215623748
1,Hispanic,White,In-Care Maltreatment,-0.0002021596009378786,-0.000201644093955487,0.1506581039464189
2,Hispanic,White,In-Care Maltreatment,-0.00013977380812996176,-0.00013918236513802673,0.10398991025793279
3,Hispanic,White,In-Care Maltreatment,-9.999487037439078e-05,-9.945876995660067e-05,0.07431048144565192
4,Hispanic,White,In-Care Maltreatment,-7.463069981982829e-05,-7.41724410682769e-05,0.05541783603585684
5,Hispanic,White,In-Care Maltreatment,-5.8457790631703376e-05,-5.8066348967958496e-05,0.04338419175587104
6,Hispanic,White,In-Care Maltreatment,-4.8145488439732434e-05,-4.7803187541027104e-05,0.035716084990399216
7,Hispanic,White,In-Care Maltreatment,-4.157007425410086e-05,-4.126109714940123e-05,0.0308281712662015
8,Hispanic,White,In-Care Maltreatment,-3.7377405060768975e-05,-3.708967798876081e-05,0.027711501250333937
9,Hispanic,White,In-Care Maltreatment,-3.470404115266324e-05,-3.442896740797095e-05,0.025723555045767857
10,Hispanic,White,In-Care Maltreatment,-3.299942906532545e-05,-3.273110474470991e-05,0.024454999321716787
11,Hispanic,White,In-Care Maltreatment,-3.191252041084407e-05,-3.164697281565953e-05,0.023644991660919344
12,Hispanic,White,In-Care Maltreatment,-3.121947685450543e-05,-3.0954065034832997e-05,0.023127286577565447
13,Hispanic,White,In-Care Maltreatment,-3.47775727726838e-05,-3.447585120542185e-05,0.02575858420973296
14,Hispanic,White,In-Care Maltreatment,-3.849580228979779e-05,-3.815442428737421e-05,0.028507024964350938
15,Hispanic,White,In-Care Maltreatment,-4.2316137497613616e-05,-4.1931932181752317e-05,0.03132938472627517
16,Hispanic,White,In-Care Maltreatment,-4.6201578168261694e-05,-4.577139243832191e-05,0.034198032109322735
17,Hispanic,White,In-Care Maltreatment,-5.0128531914835994e-05,-4.964912993558998e-05,0.03709527827944515
0,Asian,White,In-Care Maltreatment,-0.00217,-0.00217,0.2641328375218104
1,Asian,White,In-Care Maltreatment,-0.0014307614293084174,-0.0014284507496000842,0.17387131324978217
2,Asian,White,In-Care Maltreatment,-0.0009594021058708221,-0.0009568271323464429,0.116465191467522
3,Asian,White,In-Care Maltreatment,-0.0006588501317176188,-0.0006566060999266234,0.07992222686993014
4,Asian,White,In-Care Maltreatment,-0.0004672097319720365,-0.0004653841674547276,0.05664665469472008
5,Asian,White,In-Care Maltreatment,-0.00034501441810620324,-0.00034354179335996127,0.04181597635368572
6,Asian,White,In-Care Maltreatment,-0.0002670992459890895,-0.00026588668394548516,0.032363780778703125
7,Asian,White,In-Care Maltreatment,-0.00021741833880876195,-0.0002163846949246734,0.02633838869435266
8,Asian,White,In-Care Maltreatment,-0.00018574039379247678,-0.0001848242747218714,0.022496847983962447
9,Asian,White,In-Care Maltreatment,-0.00016554164426456675,-0.00016469950572599814,0.020047257044169375
10,Asian,White,In-Care Maltreatment,-0.00015266235293801431,-0.0001518643395384638,0.018484958027958572
11,Asian,White,In-Care Maltreatment,-0.0001444501542152663,-0.00014367618682259572,0.01748829442846357
12,Asian,White,In-Care Maltreatment,-0.00013921382512292984,-0.00013845055419367793,0.01685222937126421
13,Asian,White,In-Care Maltreatment,-0.0001538749942825,-0.0001530127430338031,0.01862474193295578
14,Asian,White,In-Care Maltreatment,-0.00016974606174513897,-0.0001687722506213604,0.020542992373991726
15,Asian,White,In-Care Maltreatment,-0.00018638859442641397,-0.00018529198419648562,0.022553777675513455
16,Asian,White,In-Care Maltreatment,-0.0002035230350490884,-0.00020229295950788313,0.024623139818203625
17,Asian,White,In-Care Maltreatment,-0.0002209711300232054,-0.00021959700490645903,0.026729391713011034
0,NHPI,White,In-Care Maltreatment,0.0007200000000000002,0.0007200000000000002,0.2694093312822167
1,NHPI,White,In-Care Maltreatment,0.00047358714310280665,0.000472137966444912,0.17666440807342973
2,NHPI,White,In-Care Maltreatment,0.0003164673686236075,0.0003148605565102179,0.11781440552300611
3,NHPI,White,In-Care Maltreatment,0.0002162833772392063,0.0002148920014695148,0.08040820890805432
4,NHPI,White,In-Care Maltreatment,0.00015240324399067885,0.00015128027528741784,0.05660599694635123
5,NHPI,White,In-Care Maltreatment,0.00011167147270206779,0.00011077406550900315,0.04144939848915695
6,NHPI,White,In-Care Maltreatment,8.569974866302985e-05,8.496843016220477e-05,0.03179345548624905
7,NHPI,White,In-Care Maltreatment,6.913944626958738e-05,6.852256235475986e-05,0.025639746807972014
8,NHPI,White,In-Care Maltreatment,5.858013126415902e-05,5.8038736125628887e-05,0.02171691262232043
9,NHPI,White,In-Care Maltreatment,5.18472147548556e-05,5.1353758759419716e-05,0.01921553028639381
10,NHPI,White,In-Care Maltreatment,4.7554117646004754e-05,4.7089755282493675e-05,0.01762002705680535
11,NHPI,White,In-Care Maltreatment,4.4816718071755444e-05,4.436880158277384e-05,0.01660190161695619
12,NHPI,White,In-Care Maltreatment,4.3071275040976615e-05,4.263141231965342e-05,0.015951805950908726
13,NHPI,White,In-Care Maltreatment,4.795833142750002e-05,4.745845426521013e-05,0.017757986704552673
14,NHPI,White,In-Care Maltreatment,5.3248687248379694e-05,5.268127392153223e-05,0.019712259414299
15,NHPI,White,In-Care Maltreatment,5.8796198142138016e-05,5.815459232538352e-05,0.021760263651904865
16,NHPI,White,In-Care Maltreatment,6.450767834969613e-05,6.378560658055984e-05,0.023867274464304426
17,NHPI,White,In-Care Maltreatment,7.032371000773512e-05,6.951497316648967e-05,0.02601108671511836
0,Multirace,White,In-Care Maltreatment,-0.00019000000000000006,-0.00019000000000000006,0.2700573267342624
1,Multirace,White,In-Care Maltreatment,-0.0001247730672919191,-0.00012444803345162367,0.17688475384885022
2,Multirace,White,In-Care Maltreatment,-8.318253875330781e-05,-8.282277940349313e-05,0.11772051788636251
3,Multirace,White,In-Care Maltreatment,-5.666324691626053e-05,-5.635256990833392e-05,0.08009697044236996
4,Multirace,White,In-Care Maltreatment,-3.9753799879885536e-05,-3.950401081085692e-05,0.05614919765716536
5,Multirace,White,In-Care Maltreatment,-2.8971860421135576e-05,-2.877321632642769e-05,0.040896936224535226
6,Multirace,White,In-Care Maltreatment,-2.2096992293154857e-05,-2.193602432235121e-05,0.03117886361932592
7,Multirace,White,In-Care Maltreatment,-1.7713382836067194e-05,-1.757839885136459e-05,0.02498513369509552
8,Multirace,White,In-Care Maltreatment,-1.4918270040512597e-05,-1.4800453700679608e-05,0.02103668926768292
9,Multirace,White,In-Care Maltreatment,-1.3136027435108809e-05,-1.3029140350112209e-05,0.018519025329456915
10,Multirace,White,In-Care Maltreatment,-1.1999619376883608e-05,-1.189939246729781e-05,0.016913253260422444
11,Multirace,White,In-Care Maltreatment,-1.1275013607229346e-05,-1.1178580520533004e-05,0.015888724063467585
12,Multirace,White,In-Care Maltreatment,-1.0812984569670277e-05,-1.0718442532664208e-05,0.015234704932242694
13,Multirace,White,In-Care Maltreatment,-1.251838184845584e-05,-1.2406621140838916e-05,0.017634204942630217
14,Multirace,White,In-Care Maltreatment,-1.4330534859865172e-05,-1.4199684265055383e-05,0.020182783016270658
15,Multirace,White,In-Care Maltreatment,-1.6210758331742354e-05,-1.6059118111523457e-05,0.022825697404777894
16,Multirace,White,In-Care Maltreatment,-1.813438544550776e-05,-1.7960316583557544e-05,0.025527974125560998
17,Multirace,White,In-Care Maltreatment,-2.008568794322396e-05,-1.988754143187438e-05,0.02826724354952041
