Race/Ethnicity,Event,Cumulative Risk (%),Ratio vs White,"Diff per 1,000"
AI/AN,In-Care Maltreatment,1.95,1.86,+9.0
AI/AN,Infant Entry,3.58,2.39,+20.8
AI/AN,Missing Episode,1.06,1.90,+5.0
AI/AN,Substance-Related Removal,5.06,2.58,+31.0
Asian,In-Care Maltreatment,0.23,0.22,-8.2
Asian,Infant Entry,0.45,0.30,-10.5
Asian,Missing Episode,0.22,0.39,-3.4
Asian,Substance-Related Removal,0.39,0.20,-15.7
Black,In-Care Maltreatment,1.6,1.52,+5.4
Black,Infant Entry,2.84,1.90,+13.4
Black,Missing Episode,1.26,2.26,+7.0
Black,Substance-Related Removal,3.15,1.61,+11.9
Hispanic,In-Care Maltreatment,0.92,0.87,-1.3
Hispanic,Infant Entry,1.3,0.87,-2.0
Hispanic,Missing Episode,0.66,1.19,+1.1
Hispanic,Substance-Related Removal,1.6,0.82,-3.6
Multirace,In-Care Maltreatment,0.98,0.93,-0.7
Multirace,Infant Entry,1.69,1.13,+2.0
Multirace,Missing Episode,0.74,1.33,+1.9
Multirace,Substance-Related Removal,2.04,1.04,+0.7
NHPI,In-Care Maltreatment,1.32,1.25,+2.7
NHPI,Infant Entry,2.09,1.40,+6.0
NHPI,Missing Episode,0.83,1.50,+2.8
NHPI,Substance-Related Removal,2.69,1.37,+7.3
Overall,In-Care Maltreatment,1.0,Ref/Overall,—
Overall,Infant Entry,1.63,Ref/Overall,—
Overall,Missing Episode,0.66,Ref/Overall,—
Overall,Substance-Related Removal,2.01,Ref/Overall,—
White,In-Care Maltreatment,1.05,1.00,+0.0
White,Infant Entry,1.5,1.00,+0.0
White,Missing Episode,0.56,1.00,+0.0
White,Substance-Related Removal,1.96,1.00,+0.0
