race,event,state,urban_rural,cum_risk_18,cum_risk_pct
AI/AN,In-Care Maltreatment,Illinois,Urban,0.02045504655151864,2.05
AI/AN,Infant Entry,Illinois,Urban,0.037553039999999926,3.76
AI/AN,Missing Episode,Illinois,Urban,0.013299471242773087,1.33
AI/AN,Substance-Related Removal,Illinois,Urban,0.045271388679305136,4.53
Asian,In-Care Maltreatment,Illinois,Urban,0.0024272817345947217,0.24
Asian,Infant Entry,Illinois,Urban,0.004721141250000005,0.47
Asian,Missing Episode,Illinois,Urban,0.0027532560681478024,0.28
Asian,Substance-Related Removal,Illinois,Urban,0.0034819195862316743,0.35
Black,In-Care Maltreatment,Illinois,Urban,0.016742382771454345,1.67
Black,Infant Entry,Illinois,Urban,0.029767342500000016,2.98
Black,Missing Episode,Illinois,Urban,0.01581211313006503,1.58
Black,Substance-Related Removal,Illinois,Urban,0.02818271755713897,2.82
Hispanic,In-Care Maltreatment,Illinois,Urban,0.009626951148868357,0.96
Hispanic,Infant Entry,Illinois,Urban,0.013616924999999891,1.36
Hispanic,Missing Episode,Illinois,Urban,0.008344604088505903,0.83
Hispanic,Substance-Related Removal,Illinois,Urban,0.014300336832656635,1.43
Multirace,In-Care Maltreatment,Illinois,Urban,0.010291119489288514,1.03
Multirace,Infant Entry,Illinois,Urban,0.017792670000000066,1.78
Multirace,Missing Episode,Illinois,Urban,0.009320214147143346,0.93
Multirace,Substance-Related Removal,Illinois,Urban,0.01819983206614384,1.82
NHPI,In-Care Maltreatment,Illinois,Urban,0.013815895056743965,1.38
NHPI,Infant Entry,Illinois,Urban,0.02196180000000003,2.2
NHPI,Missing Episode,Illinois,Urban,0.010501454228265872,1.05
NHPI,Substance-Related Removal,Illinois,Urban,0.02407675698230327,2.41
Overall,In-Care Maltreatment,Illinois,Urban,0.010549547225934597,1.05
Overall,Infant Entry,Illinois,Urban,0.01706263125000007,1.71
Overall,Missing Episode,Illinois,Urban,0.008344604088505903,0.83
Overall,Substance-Related Removal,Illinois,Urban,0.017963974597973054,1.8
White,In-Care Maltreatment,Illinois,Urban,0.011026137880834175,1.1
White,Infant Entry,Illinois,Urban,0.015705624374999894,1.57
White,Missing Episode,Illinois,Urban,0.006992346353086432,0.7
White,Substance-Related Removal,Illinois,Urban,0.01753141620474563,1.75
AI/AN,In-Care Maltreatment,Illinois,Rural,0.02045504655151864,2.05
AI/AN,Infant Entry,Illinois,Rural,0.037553039999999926,3.76
AI/AN,Missing Episode,Illinois,Rural,0.009988434616922448,1.0
AI/AN,Substance-Related Removal,Illinois,Rural,0.06852682441206914,6.85
Asian,In-Care Maltreatment,Illinois,Rural,0.0024272817345947217,0.24
Asian,Infant Entry,Illinois,Rural,0.004721141250000005,0.47
Asian,Missing Episode,Illinois,Rural,0.0020655238422497835,0.21
Asian,Substance-Related Removal,Illinois,Rural,0.005320925237367602,0.53
Black,In-Care Maltreatment,Illinois,Rural,0.016742382771454345,1.67
Black,Infant Entry,Illinois,Rural,0.029767342500000016,2.98
Black,Missing Episode,Illinois,Rural,0.011878349209260675,1.19
Black,Substance-Related Removal,Illinois,Rural,0.04282223417126052,4.28
Hispanic,In-Care Maltreatment,Illinois,Rural,0.009626951148868357,0.96
Hispanic,Infant Entry,Illinois,Rural,0.013616924999999891,1.36
Hispanic,Missing Episode,Illinois,Rural,0.0062638377009023305,0.63
Hispanic,Substance-Related Removal,Illinois,Rural,0.021799104157724458,2.18
Multirace,In-Care Maltreatment,Illinois,Rural,0.010291119489288514,1.03
Multirace,Infant Entry,Illinois,Rural,0.017792670000000066,1.78
Multirace,Missing Episode,Illinois,Rural,0.006996890347199192,0.7
Multirace,Substance-Related Removal,Illinois,Rural,0.027717450873754546,2.77
NHPI,In-Care Maltreatment,Illinois,Rural,0.013815895056743965,1.38
NHPI,Infant Entry,Illinois,Rural,0.02196180000000003,2.2
NHPI,Missing Episode,Illinois,Rural,0.007884713305640112,0.79
NHPI,Substance-Related Removal,Illinois,Rural,0.036619546800195524,3.66
Overall,In-Care Maltreatment,Illinois,Rural,0.010549547225934597,1.05
Overall,Infant Entry,Illinois,Rural,0.01706263125000007,1.71
Overall,Missing Episode,Illinois,Rural,0.0062638377009023305,0.63
Overall,Substance-Related Removal,Illinois,Rural,0.027361036126048455,2.74
White,In-Care Maltreatment,Illinois,Rural,0.011026137880834175,1.1
White,Infant Entry,Illinois,Rural,0.015705624374999894,1.57
White,Missing Episode,Illinois,Rural,0.005248045789494116,0.52
White,Substance-Related Removal,Illinois,Rural,0.02670455250998427,2.67
AI/AN,In-Care Maltreatment,Texas,Urban,0.019489282211822778,1.95
AI/AN,Infant Entry,Texas,Urban,0.03577600000000003,3.58
AI/AN,Missing Episode,Texas,Urban,0.01266950644956244,1.27
AI/AN,Substance-Related Removal,Texas,Urban,0.043155732015359605,4.32
Asian,In-Care Maltreatment,Texas,Urban,0.0023118162093296313,0.23
Asian,Infant Entry,Texas,Urban,0.004496499999999903,0.45
Asian,Missing Episode,Texas,Urban,0.0026222893396068425,0.26
Asian,Substance-Related Removal,Texas,Urban,0.003316358427838728,0.33
Black,In-Care Maltreatment,Texas,Urban,0.01595072975181755,1.6
Black,Infant Entry,Texas,Urban,0.028356999999999966,2.84
Black,Missing Episode,Texas,Urban,0.015063811648153402,1.51
Black,Substance-Related Removal,Texas,Urban,0.026856473577131723,2.69
Hispanic,In-Care Maltreatment,Texas,Urban,0.009170362595529946,0.92
Hispanic,Infant Entry,Texas,Urban,0.012970000000000037,1.3
Hispanic,Missing Episode,Texas,Urban,0.007948543905843097,0.79
Hispanic,Substance-Related Removal,Texas,Urban,0.01362340959386732,1.36
Multirace,In-Care Maltreatment,Texas,Urban,0.009803176507641842,0.98
Multirace,Infant Entry,Texas,Urban,0.016947999999999963,1.69
Multirace,Missing Episode,Texas,Urban,0.008878021492361277,0.89
Multirace,Substance-Related Removal,Texas,Urban,0.01733977734783465,1.73
NHPI,In-Care Maltreatment,Texas,Urban,0.013161793494342544,1.32
NHPI,Infant Entry,Texas,Urban,0.02092000000000005,2.09
NHPI,Missing Episode,Texas,Urban,0.010003469564385914,1.0
NHPI,Substance-Related Removal,Texas,Urban,0.022941695829379216,2.29
Overall,In-Care Maltreatment,Texas,Urban,0.010049400956545163,1.0
Overall,Infant Entry,Texas,Urban,0.016252500000000003,1.63
Overall,Missing Episode,Texas,Urban,0.007948543905843097,0.79
Overall,Substance-Related Removal,Texas,Urban,0.017114908617487212,1.71
White,In-Care Maltreatment,Texas,Urban,0.01050350514019871,1.05
White,Infant Entry,Texas,Urban,0.014959749999999938,1.5
White,Missing Episode,Texas,Urban,0.006660292932689549,0.67
White,Substance-Related Removal,Texas,Urban,0.016702662882172037,1.67
AI/AN,In-Care Maltreatment,Texas,Rural,0.019489282211822778,1.95
AI/AN,Infant Entry,Texas,Rural,0.03577600000000003,3.58
AI/AN,Missing Episode,Texas,Rural,0.009514678295845624,0.95
AI/AN,Substance-Related Removal,Texas,Rural,0.0653564215448087,6.54
Asian,In-Care Maltreatment,Texas,Rural,0.0023118162093296313,0.23
Asian,Infant Entry,Texas,Rural,0.004496499999999903,0.45
Asian,Missing Episode,Texas,Rural,0.0019672447329491805,0.2
Asian,Substance-Related Removal,Texas,Rural,0.005068119295909557,0.51
Black,In-Care Maltreatment,Texas,Rural,0.01595072975181755,1.6
Black,Infant Entry,Texas,Rural,0.028356999999999966,2.84
Black,Missing Episode,Texas,Rural,0.011315337134008008,1.13
Black,Substance-Related Removal,Texas,Rural,0.040819741500789486,4.08
Hispanic,In-Care Maltreatment,Texas,Rural,0.009170362595529946,0.92
Hispanic,Infant Entry,Texas,Rural,0.012970000000000037,1.3
Hispanic,Missing Episode,Texas,Rural,0.005966292707020537,0.6
Hispanic,Substance-Related Removal,Texas,Rural,0.020770468997044156,2.08
Multirace,In-Care Maltreatment,Texas,Rural,0.009803176507641842,0.98
Multirace,Infant Entry,Texas,Rural,0.016947999999999963,1.69
Multirace,Missing Episode,Texas,Rural,0.006664621247483127,0.67
Multirace,Substance-Related Removal,Texas,Rural,0.0264129449591185,2.64
NHPI,In-Care Maltreatment,Texas,Rural,0.013161793494342544,1.32
NHPI,Infant Entry,Texas,Rural,0.02092000000000005,2.09
NHPI,Missing Episode,Texas,Rural,0.007510424717591446,0.75
NHPI,Substance-Related Removal,Texas,Rural,0.034902376471992014,3.49
Overall,In-Care Maltreatment,Texas,Rural,0.010049400956545163,1.0
Overall,Infant Entry,Texas,Rural,0.016252500000000003,1.63
Overall,Missing Episode,Texas,Rural,0.005966292707020537,0.6
Overall,Substance-Related Removal,Texas,Rural,0.026072940178681225,2.61
White,In-Care Maltreatment,Texas,Rural,0.01050350514019871,1.05
White,Infant Entry,Texas,Rural,0.014959749999999938,1.5
White,Missing Episode,Texas,Rural,0.004998654182382101,0.5
White,Substance-Related Removal,Texas,Rural,0.025447054525488788,2.54
AI/AN,In-Care Maltreatment,California,Urban,0.01755527894748854,1.76
AI/AN,Infant Entry,California,Urban,0.03221856000000001,3.22
AI/AN,Missing Episode,California,Urban,0.01140857645908755,1.14
AI/AN,Substance-Related Removal,California,Urban,0.03891249654894868,3.89
Asian,In-Care Maltreatment,California,Urban,0.0020808493828725627,0.21
Asian,Infant Entry,California,Urban,0.004047165000000019,0.4
Asian,Missing Episode,California,Urban,0.0023603136933719737,0.24
Asian,Substance-Related Removal,California,Urban,0.002985162808074926,0.3
Black,In-Care Maltreatment,California,Urban,0.01436574896712961,1.44
Black,Infant Entry,California,Urban,0.025534170000000023,2.55
Black,Missing Episode,California,Urban,0.01356581595517925,1.36
Black,Substance-Related Removal,California,Urban,0.024199277772177785,2.42
Hispanic,In-Care Maltreatment,California,Urban,0.008256635342814511,0.83
Hispanic,Infant Entry,California,Urban,0.011675700000000067,1.17
Hispanic,Missing Episode,California,Urban,0.007156033586903532,0.72
Hispanic,Substance-Related Removal,California,Urban,0.012268346525376006,1.23
Multirace,In-Care Maltreatment,California,Urban,0.00882665888550016,0.88
Multirace,Infant Entry,California,Urban,0.015257880000000057,1.53
Multirace,Missing Episode,California,Urban,0.007993148933599259,0.8
Multirace,Substance-Related Removal,California,Urban,0.015617694682749872,1.56
NHPI,In-Care Maltreatment,California,Urban,0.011852454373980414,1.19
NHPI,Infant Entry,California,Urban,0.01883519999999994,1.88
NHPI,Missing Episode,California,Urban,0.009006876144888487,0.9
NHPI,Substance-Related Removal,California,Urban,0.02066815608936956,2.07
Overall,In-Care Maltreatment,California,Urban,0.009048446022165924,0.9
Overall,Infant Entry,California,Urban,0.014631524999999979,1.46
Overall,Missing Episode,California,Urban,0.007156033586903532,0.72
Overall,Substance-Related Removal,California,Urban,0.015414875640141323,1.54
White,In-Care Maltreatment,California,Urban,0.009457514993288951,0.95
White,Infant Entry,California,Urban,0.013467397499999922,1.35
White,Missing Episode,California,Urban,0.005995911823462596,0.6
White,Substance-Related Removal,California,Urban,0.015043340367302371,1.5
AI/AN,In-Care Maltreatment,California,Rural,0.01755527894748854,1.76
AI/AN,Infant Entry,California,Rural,0.03221856000000001,3.22
AI/AN,Missing Episode,California,Rural,0.008566601727033829,0.86
AI/AN,Substance-Related Removal,California,Rural,0.05898818903370895,5.9
Asian,In-Care Maltreatment,California,Rural,0.0020808493828725627,0.21
Asian,Infant Entry,California,Rural,0.004047165000000019,0.4
Asian,Missing Episode,California,Rural,0.0017706627728887314,0.18
Asian,Substance-Related Removal,California,Rural,0.004562336184621429,0.46
Black,In-Care Maltreatment,California,Rural,0.01436574896712961,1.44
Black,Infant Entry,California,Rural,0.025534170000000023,2.55
Black,Missing Episode,California,Rural,0.01018852765923206,1.02
Black,Substance-Related Removal,California,Rural,0.036803861530825266,3.68
Hispanic,In-Care Maltreatment,California,Rural,0.008256635342814511,0.83
Hispanic,Infant Entry,California,Rural,0.011675700000000067,1.17
Hispanic,Missing Episode,California,Rural,0.005370983084062808,0.54
Hispanic,Substance-Related Removal,California,Rural,0.01871038686690152,1.87
Multirace,In-Care Maltreatment,California,Rural,0.00882665888550016,0.88
Multirace,Infant Entry,California,Rural,0.015257880000000057,1.53
Multirace,Missing Episode,California,Rural,0.005999808569250087,0.6
Multirace,Substance-Related Removal,California,Rural,0.023799349655302615,2.38
NHPI,In-Care Maltreatment,California,Rural,0.011852454373980414,1.19
NHPI,Infant Entry,California,Rural,0.01883519999999994,1.88
NHPI,Missing Episode,California,Rural,0.006761495898554126,0.68
NHPI,Substance-Related Removal,California,Rural,0.031460114158819996,3.15
Overall,In-Care Maltreatment,California,Rural,0.009048446022165924,0.9
Overall,Infant Entry,California,Rural,0.014631524999999979,1.46
Overall,Missing Episode,California,Rural,0.005370983084062808,0.54
Overall,Substance-Related Removal,California,Rural,0.023492331473404682,2.35
White,In-Care Maltreatment,California,Rural,0.009457514993288951,0.95
White,Infant Entry,California,Rural,0.013467397499999922,1.35
White,Missing Episode,California,Rural,0.004499716522783137,0.45
White,Substance-Related Removal,California,Rural,0.0229278390520814,2.29
AI/AN,In-Care Maltreatment,New York,Urban,0.01852269321473432,1.85
AI/AN,Infant Entry,New York,Urban,0.03399784000000006,3.4
AI/AN,Missing Episode,New York,Urban,0.012039208236481524,1.2
AI/AN,Substance-Related Removal,New York,Urban,0.04103610342081865,4.1
Asian,In-Care Maltreatment,New York,Urban,0.002196338759122729,0.22
Asian,Infant Entry,New York,Urban,0.004271841250000019,0.43
Asian,Missing Episode,New York,Urban,0.002491308548419169,0.25
Asian,Substance-Related Removal,New York,Urban,0.0031507728361912513,0.32
Black,In-Care Maltreatment,New York,Urban,0.015158518599064585,1.52
Black,Infant Entry,New York,Urban,0.026945942500000042,2.69
Black,Missing Episode,New York,Urban,0.014315046000024423,1.43
Black,Substance-Related Removal,New York,Urban,0.025528660854126528,2.55
Hispanic,In-Care Maltreatment,New York,Urban,0.008713590681656447,0.87
Hispanic,Infant Entry,New York,Urban,0.012322924999999985,1.23
Hispanic,Missing Episode,New York,Urban,0.0075523537501386295,0.76
Hispanic,Substance-Related Removal,New York,Urban,0.012946079560987256,1.29
Multirace,In-Care Maltreatment,New York,Urban,0.00931502299965814,0.93
Multirace,Infant Entry,New York,Urban,0.016103069999999997,1.61
Multirace,Missing Episode,New York,Urban,0.00843566643728666,0.84
Multirace,Substance-Related Removal,New York,Urban,0.01647906503364238,1.65
NHPI,In-Care Maltreatment,New York,Urban,0.012507313330787029,1.25
NHPI,Infant Entry,New York,Urban,0.019877800000000057,1.99
NHPI,Missing Episode,New York,Urban,0.009505276893669312,0.95
NHPI,Substance-Related Removal,New York,Urban,0.021805495861861646,2.18
Overall,In-Care Maltreatment,New York,Urban,0.009549033917115035,0.95
Overall,Infant Entry,New York,Urban,0.015442131249999935,1.54
Overall,Missing Episode,New York,Urban,0.0075523537501386295,0.76
Overall,Substance-Related Removal,New York,Urban,0.016265209101510636,1.63
White,In-Care Maltreatment,New York,Urban,0.009980630877028274,1.0
White,Infant Entry,New York,Urban,0.014213674374999985,1.42
White,Missing Episode,New York,Urban,0.006328148096283459,0.63
White,Substance-Related Removal,New York,Urban,0.015873304397804877,1.59
AI/AN,In-Care Maltreatment,New York,Rural,0.01852269321473432,1.85
AI/AN,Infant Entry,New York,Rural,0.03399784000000006,3.4
AI/AN,Missing Episode,New York,Rural,0.009040734019563512,0.9
AI/AN,Substance-Related Removal,New York,Rural,0.06217688388092102,6.22
Asian,In-Care Maltreatment,New York,Rural,0.002196338759122729,0.22
Asian,Infant Entry,New York,Rural,0.004271841250000019,0.43
Asian,Missing Episode,New York,Rural,0.001868957709999397,0.19
Asian,Substance-Related Removal,New York,Rural,0.004815256282155178,0.48
Black,In-Care Maltreatment,New York,Rural,0.015158518599064585,1.52
Black,Infant Entry,New York,Rural,0.026945942500000042,2.69
Black,Missing Episode,New York,Rural,0.01075206331647427,1.08
Black,Substance-Related Removal,New York,Rural,0.038813619196453986,3.88
Hispanic,In-Care Maltreatment,New York,Rural,0.008713590681656447,0.87
Hispanic,Infant Entry,New York,Rural,0.012322924999999985,1.23
Hispanic,Missing Episode,New York,Rural,0.0056686745062619615,0.57
Hispanic,Substance-Related Removal,New York,Rural,0.01974089681441038,1.97
Multirace,In-Care Maltreatment,New York,Rural,0.00931502299965814,0.93
Multirace,Infant Entry,New York,Rural,0.016103069999999997,1.61
Multirace,Missing Episode,New York,Rural,0.006332260661636169,0.63
Multirace,Substance-Related Removal,New York,Rural,0.025106911742108773,2.51
NHPI,In-Care Maltreatment,New York,Rural,0.012507313330787029,1.25
NHPI,Infant Entry,New York,Rural,0.019877800000000057,1.99
NHPI,Missing Episode,New York,Rural,0.007136018925259613,0.71
NHPI,Substance-Related Removal,New York,Rural,0.03318256676334563,3.32
Overall,In-Care Maltreatment,New York,Rural,0.009549033917115035,0.95
Overall,Infant Entry,New York,Rural,0.015442131249999935,1.54
Overall,Missing Episode,New York,Rural,0.0056686745062619615,0.57
Overall,Substance-Related Removal,New York,Rural,0.024783372447097163,2.48
White,In-Care Maltreatment,New York,Rural,0.009980630877028274,1.0
White,Infant Entry,New York,Rural,0.014213674374999985,1.42
White,Missing Episode,New York,Rural,0.004749211096350514,0.47
White,Substance-Related Removal,New York,Rural,0.024188150495224492,2.42
AI/AN,In-Care Maltreatment,Oklahoma,Urban,0.024309869577786136,2.43
AI/AN,Infant Entry,Oklahoma,Urban,0.04465000000000008,4.47
AI/AN,Missing Episode,Oklahoma,Urban,0.015815999103974354,1.58
AI/AN,Substance-Related Removal,Oklahoma,Urban,0.053694422660624075,5.37
Asian,In-Care Maltreatment,Oklahoma,Urban,0.0028890246082833304,0.29
Asian,Infant Entry,Oklahoma,Urban,0.005619531250000032,0.56
Asian,Missing Episode,Oklahoma,Urban,0.00327698238008145,0.33
Asian,Substance-Related Removal,Oklahoma,Urban,0.0041439199515135305,0.41
Black,In-Care Maltreatment,Oklahoma,Urban,0.019903420433568075,1.99
Black,Infant Entry,Oklahoma,Urban,0.03540156250000004,3.54
Black,Missing Episode,Oklahoma,Urban,0.01880068200235241,1.88
Black,Substance-Related Removal,Oklahoma,Urban,0.03347203831523238,3.35
Hispanic,In-Care Maltreatment,Oklahoma,Urban,0.011451473044860161,1.15
Hispanic,Infant Entry,Oklahoma,Urban,0.016203124999999985,1.62
Hispanic,Missing Episode,Oklahoma,Urban,0.009927545778261049,0.99
Hispanic,Substance-Related Removal,Oklahoma,Urban,0.017004022016431253,1.7
Multirace,In-Care Maltreatment,Oklahoma,Urban,0.01224078774832782,1.22
Multirace,Infant Entry,Oklahoma,Urban,0.02116874999999996,2.12
Multirace,Missing Episode,Oklahoma,Urban,0.011087361729358092,1.11
Multirace,Substance-Related Removal,Oklahoma,Urban,0.02163348378780261,2.16
NHPI,In-Care Maltreatment,Oklahoma,Urban,0.016428519133770636,1.64
NHPI,Infant Entry,Oklahoma,Urban,0.026124999999999954,2.61
NHPI,Missing Episode,Oklahoma,Urban,0.012491314239264528,1.25
NHPI,Substance-Related Removal,Oklahoma,Urban,0.02860563322945331,2.86
Overall,In-Care Maltreatment,Oklahoma,Urban,0.012547926311615831,1.25
Overall,Infant Entry,Oklahoma,Urban,0.02030078125000001,2.03
Overall,Missing Episode,Oklahoma,Urban,0.009927545778261049,0.99
Overall,Substance-Related Removal,Oklahoma,Urban,0.021353911354969224,2.14
White,In-Care Maltreatment,Oklahoma,Urban,0.013114255577472034,1.31
White,Infant Entry,Oklahoma,Urban,0.018687109375000066,1.87
White,Missing Episode,Oklahoma,Urban,0.008319646282593629,0.83
White,Substance-Related Removal,Oklahoma,Urban,0.020840385556499363,2.08
AI/AN,In-Care Maltreatment,Oklahoma,Rural,0.024309869577786136,2.43
AI/AN,Infant Entry,Oklahoma,Rural,0.04465000000000008,4.47
AI/AN,Missing Episode,Oklahoma,Rural,0.011881581569430644,1.19
AI/AN,Substance-Related Removal,Oklahoma,Rural,0.08111753401095245,8.11
Asian,In-Care Maltreatment,Oklahoma,Rural,0.0028890246082833304,0.29
Asian,Infant Entry,Oklahoma,Rural,0.005619531250000032,0.56
Asian,Missing Episode,Oklahoma,Rural,0.002458561153191763,0.25
Asian,Substance-Related Removal,Oklahoma,Rural,0.006331578509819247,0.63
Black,In-Care Maltreatment,Oklahoma,Rural,0.019903420433568075,1.99
Black,Infant Entry,Oklahoma,Rural,0.03540156250000004,3.54
Black,Missing Episode,Oklahoma,Rural,0.01412778203501075,1.41
Black,Substance-Related Removal,Oklahoma,Rural,0.05079602278696882,5.08
Hispanic,In-Care Maltreatment,Oklahoma,Rural,0.011451473044860161,1.15
Hispanic,Infant Entry,Oklahoma,Rural,0.016203124999999985,1.62
Hispanic,Missing Episode,Oklahoma,Rural,0.007453285898883055,0.75
Hispanic,Substance-Related Removal,Oklahoma,Rural,0.025904289421312288,2.59
Multirace,In-Care Maltreatment,Oklahoma,Rural,0.01224078774832782,1.22
Multirace,Infant Entry,Oklahoma,Rural,0.02116874999999996,2.12
Multirace,Missing Episode,Oklahoma,Rural,0.00832505229281022,0.83
Multirace,Substance-Related Removal,Oklahoma,Rural,0.03292023280752643,3.29
NHPI,In-Care Maltreatment,Oklahoma,Rural,0.016428519133770636,1.64
NHPI,Infant Entry,Oklahoma,Rural,0.026124999999999954,2.61
NHPI,Missing Episode,Oklahoma,Rural,0.009380696216575446,0.94
NHPI,Substance-Related Removal,Oklahoma,Rural,0.04346190447482723,4.35
Overall,In-Care Maltreatment,Oklahoma,Rural,0.012547926311615831,1.25
Overall,Infant Entry,Oklahoma,Rural,0.02030078125000001,2.03
Overall,Missing Episode,Oklahoma,Rural,0.007453285898883055,0.75
Overall,Substance-Related Removal,Oklahoma,Rural,0.03249873118724922,3.25
White,In-Care Maltreatment,Oklahoma,Rural,0.013114255577472034,1.31
White,Infant Entry,Oklahoma,Rural,0.018687109375000066,1.87
White,Missing Episode,Oklahoma,Rural,0.00624509760103964,0.62
White,Substance-Related Removal,Oklahoma,Rural,0.0317205112918848,3.17
